matched_regency,Provinsi,unemployment_num,labor_force_num,Latitude,Longitude,job_volume,competitive_index,opportunity_index,tpt,prosperity_status
Administrasi Kepulauan Seribu,DKI Jakarta,1187.0,15401.0,-5.6350469,106.5803541,2,1.5,0.0016849199663016006,7.71,Zona Merah
Bandung,Jawa Barat,128857.0,1930432.0,-7.0613423,107.6342883,123,1.3739837398373984,0.000954546512801012,6.68,Zona Merah
Bandung Barat,Jawa Barat,67927.0,1029791.0,-6.897754,107.4124294,143,1.4265734265734267,0.0021052011718462466,6.6,Lautan Peluang
Bangkalan,Jawa Timur,31878.0,600535.0,-7.0463602,112.8961792,1,3.0,3.136959658698789e-05,5.31,Zona Merah
Banjarnegara,Jawa Tengah,33184.0,615877.0,-7.3558733,109.6600728,42,1.1428571428571428,0.0012656702025072323,5.39,Zona Merah
Bantul,DI Yogyakarta,21911.0,614314.0,-7.8982543,110.3855534,124,1.2903225806451613,0.005659257906987358,3.57,Lautan Peluang
Banyumas,Jawa Tengah,64073.0,1024068.0,-7.4550716,109.1167465,108,1.3981481481481481,0.00168557738829148,6.26,Zona Merah
Banyuwangi,Jawa Timur,40833.0,1036804.0,-8.3325711,114.141579,68,1.2794117647058822,0.001665319716895648,3.94,Zona Merah
Batang,Jawa Tengah,25796.0,508642.0,-6.9167,109.7333,74,1.4594594594594594,0.002868661808032253,5.07,Lautan Peluang
Bekasi,Jawa Barat,143006.0,1628860.0,-6.2027897,107.1649161,203,1.3497536945812807,0.0014195208592646463,8.78,Zona Merah
Blitar,Jawa Timur,34701.0,773434.0,-8.1311983,112.3115572,32,1.34375,0.0009221636264084608,4.49,Zona Merah
Blora,Jawa Tengah,20714.0,574424.0,-7.110613,111.4204319,26,1.3076923076923077,0.0012551897267548517,3.61,Zona Merah
Bogor,Jawa Barat,218431.0,2839349.0,-6.5453875,107.001782,206,1.3737864077669903,0.0009430895797757644,7.69,Zona Merah
Bojonegoro,Jawa Timur,32937.0,843465.0,-7.2278714,111.81462,56,1.1964285714285714,0.0017002155630446002,3.9,Zona Merah
Bondowoso,Jawa Timur,12549.0,491623.0,-7.9451279,113.882059,8,1.0,0.0006375009960953064,2.55,Zona Merah
Boyolali,Jawa Tengah,19924.0,671249.0,-7.3872118,110.7038691,70,1.542857142857143,0.0035133507327845814,2.97,Lautan Peluang
Brebes,Jawa Tengah,93581.0,1159389.0,-7.0520711,108.888136,66,1.2878787878787878,0.0007052713691881899,8.07,Zona Merah
Ciamis,Jawa Barat,27163.0,666184.0,-7.3131593,108.4048938,22,1.1818181818181819,0.0008099252659868203,4.08,Zona Merah
Cianjur,Jawa Barat,84036.0,1361142.0,-7.0539936,107.0692399,43,1.255813953488372,0.000511685468132705,6.17,Zona Merah
Cilacap,Jawa Tengah,79313.0,1071270.0,-7.461671,108.8046146,56,1.125,0.0007060633187497636,7.4,Zona Merah
Cirebon,Jawa Barat,82131.0,1278803.0,-6.7611892,108.4564232,22,1.2272727272727273,0.0002678647526512523,6.42,Zona Merah
Demak,Jawa Tengah,32500.0,710241.0,-6.9230952,110.6276667,96,1.28125,0.0029538461538461537,4.58,Lautan Peluang
Garut,Jawa Barat,91435.0,1397197.0,-7.2162774,107.9014912,57,1.2456140350877194,0.0006233936676327445,6.54,Zona Merah
Gresik,Jawa Timur,40240.0,735897.0,-7.156,112.6511,240,1.3083333333333333,0.005964214711729622,5.47,Lautan Peluang
Grobogan,Jawa Tengah,28630.0,918835.0,-7.0964605,110.8948834,33,1.606060606060606,0.0011526370939573874,3.12,Zona Merah
Gunungkidul,DI Yogyakarta,10189.0,473437.0,-7.9930377,110.5579309,8,1.25,0.000785160467170478,2.15,Zona Merah
Indramayu,Jawa Barat,63623.0,982894.0,-6.4418182,108.1764705,43,1.302325581395349,0.0006758562155195448,6.47,Zona Merah
Jember,Jawa Timur,48653.0,1584270.0,-8.2633237,113.6278541,95,1.3894736842105264,0.0019526031282757488,3.07,Lautan Peluang
Jepara,Jawa Tengah,23495.0,711519.0,-6.5994983,110.7832207,72,1.4305555555555556,0.003064481804639285,3.3,Lautan Peluang
Jombang,Jawa Timur,25686.0,783009.0,-7.561464,112.2413044,77,1.2207792207792207,0.0029977419606011056,3.28,Lautan Peluang
Karanganyar,Jawa Tengah,18708.0,573449.0,-7.6196965,111.0698003,81,1.4444444444444444,0.0043296985246953175,3.26,Lautan Peluang
Karawang,Jawa Barat,103601.0,1296627.0,-6.2649113,107.4294213,366,1.469945355191257,0.0035327844325826973,7.99,Lautan Peluang
Kebumen,Jawa Tengah,42286.0,853535.0,-7.6439744,109.6077921,31,1.1290322580645162,0.0007331031547084141,4.95,Zona Merah
Kediri,Jawa Timur,44187.0,938789.0,-7.8026253,112.1686315,4,1.0,9.052436236902257e-05,4.71,Zona Merah
Kendal,Jawa Tengah,29801.0,647532.0,-7.0190965,110.1374757,101,1.306930693069307,0.003389148015167276,4.6,Lautan Peluang
Klaten,Jawa Tengah,30624.0,789894.0,-7.6732387,110.6284785,100,1.34,0.0032654127481713687,3.88,Lautan Peluang
Kota Bandung,Jawa Barat,99306.0,1375036.0,-6.9218457,107.6070833,1278,1.3450704225352113,0.01286931303244517,7.22,Lautan Peluang
Kota Banjar,Jawa Barat,6073.0,115433.0,-7.3719,108.5438,0,1.0,0.0,5.26,Zona Merah
Kota Batu,Jawa Timur,5024.0,142486.0,-7.8711667,112.5269482,33,1.2727272727272727,0.006568471337579618,3.53,Lautan Peluang
Kota Bekasi,Jawa Barat,98963.0,1350325.0,-6.2349858,106.9945444,1347,1.4461766889383816,0.013611147600618413,7.33,Lautan Peluang
Kota Blitar,Jawa Timur,4019.0,93931.0,-8.0982442,112.1650769,1,1.0,0.0002488181139586962,4.28,Zona Merah
Kota Bogor,Jawa Barat,43857.0,551358.0,-6.5963564,106.7973188,560,1.4071428571428573,0.012768771233782521,7.95,Lautan Peluang
Kota Cilegon,Banten,15479.0,208807.0,-6.017389,106.0537688,90,1.4555555555555555,0.005814329091026552,7.41,Lautan Peluang
Kota Cimahi,Jawa Barat,27942.0,319239.0,-6.8731527,107.5423099,76,1.263157894736842,0.0027199198339417363,8.75,Lautan Peluang
Kota Cirebon,Jawa Barat,11919.0,185922.0,-6.7137044,108.5608483,220,1.2454545454545454,0.018457924322510276,6.41,Lautan Peluang
Kota Depok,Jawa Barat,69289.0,1063021.0,-6.40719,106.8158371,347,1.340057636887608,0.005008009929426027,6.52,Lautan Peluang
Kota Jakarta Barat,DKI Jakarta,74910.0,1244249.0,-6.161569,106.7438905,7498,1.5720192051213657,0.10009344546789481,6.02,Lautan Peluang
Kota Jakarta Pusat,DKI Jakarta,33283.0,546914.0,-6.1823399,106.8428715,2127,1.466854724964739,0.06390649881320794,6.09,Lautan Peluang
Kota Jakarta Selatan,DKI Jakarta,58478.0,1148303.0,-6.2838694,106.8048297,3766,1.5212426978226234,0.06440028728752693,5.09,Lautan Peluang
Kota Jakarta Timur,DKI Jakarta,105158.0,1552037.0,-6.2628908,106.8822289,933,1.4866023579849947,0.008872363491127636,6.78,Lautan Peluang
Kota Jakarta Utara,DKI Jakarta,57319.0,951895.0,-6.136197,106.9006902,2514,1.458631662688942,0.04385980215984229,6.02,Lautan Peluang
Kota Kediri,Jawa Timur,6316.0,167812.0,-7.8111057,112.0046051,106,1.330188679245283,0.016782773907536415,3.76,Lautan Peluang
Kota Madiun,Jawa Timur,5036.0,117322.0,-7.6290837,111.5168819,91,1.2087912087912087,0.01806989674344718,4.29,Lautan Peluang
Kota Magelang,Jawa Tengah,2930.0,68056.0,-7.4770747,110.2182164,74,1.337837837837838,0.025255972696245733,4.31,Lautan Peluang
Kota Malang,Jawa Timur,27710.0,486794.0,-7.9771308,112.6340265,465,1.3483870967741935,0.01678094550703717,5.69,Lautan Peluang
Kota Mojokerto,Jawa Timur,3549.0,76117.0,-7.4631537,112.4319852,103,1.3203883495145632,0.029022259791490562,4.66,Lautan Peluang
Kota Pasuruan,Jawa Timur,5899.0,128423.0,-7.6399593,112.9070632,96,1.4895833333333333,0.016273944736395998,4.59,Lautan Peluang
Kota Pekalongan,Jawa Tengah,9124.0,188801.0,-6.8905065,109.6761489,0,1.0,0.0,4.83,Zona Merah
Kota Probolinggo,Jawa Timur,6555.0,133000.0,-7.7441461,113.2158401,1,1.0,0.00015255530129672007,4.93,Zona Merah
Kota Salatiga,Jawa Tengah,4203.0,114516.0,-7.3302642,110.4995353,59,1.2881355932203389,0.01403759219605044,3.67,Lautan Peluang
Kota Semarang,Jawa Tengah,56228.0,994994.0,-6.9903988,110.4229104,1059,1.3087818696883853,0.018834032866187664,5.65,Lautan Peluang
Kota Serang,Banten,26008.0,374288.0,-6.1169662,106.1518079,1,1.0,3.844970778222086e-05,6.95,Zona Merah
Kota Sukabumi,Jawa Barat,15241.0,186146.0,-6.9199289,106.9265095,101,1.2871287128712872,0.0066268617544780525,8.19,Lautan Peluang
Kota Surabaya,Jawa Timur,79432.0,1641429.0,-7.2462836,112.7377674,2282,1.3799298860648554,0.02872897572766643,4.84,Lautan Peluang
Kota Surakarta,Jawa Tengah,13586.0,301594.0,-7.5692489,110.828448,326,1.3098159509202454,0.023995289268364493,4.5,Lautan Peluang
Kota Tangerang,Banten,57521.0,977976.0,-6.1761924,106.6382161,2020,1.4663366336633663,0.035117609220980166,5.88,Lautan Peluang
Kota Tangerang Selatan,Banten,27857.0,674454.0,-6.3227016,106.7085737,832,1.4314903846153846,0.029866819829845282,4.13,Lautan Peluang
Kota Tasikmalaya,Jawa Barat,24819.0,385800.0,-7.3262484,108.2201154,69,1.2318840579710144,0.0027801281276441437,6.43,Lautan Peluang
Kota Tegal,Jawa Tengah,8964.0,153963.0,-6.8674488,109.1378271,123,1.2439024390243902,0.013721552878179385,5.82,Lautan Peluang
Kota Yogyakarta,DI Yogyakarta,12473.0,218161.0,-7.801349,110.3647351,1046,1.3097514340344167,0.08386114006253508,5.72,Lautan Peluang
Kudus,Jawa Tengah,17000.0,525814.0,-6.7978494,110.8679109,90,1.3666666666666667,0.005294117647058823,3.23,Lautan Peluang
Kulon Progo,DI Yogyakarta,6053.0,282745.0,-7.8123076,110.1479828,13,1.0,0.0021476953576738808,2.14,Lautan Peluang
Kuningan,Jawa Barat,50019.0,658799.0,-6.9869841,108.5538158,29,1.2758620689655173,0.0005797796837201864,7.59,Zona Merah
Lamongan,Jawa Timur,35733.0,833612.0,-7.1229318,112.3281935,56,1.4107142857142858,0.0015671787983096857,4.29,Zona Merah
Lebak,Banten,51478.0,705374.0,-6.6432471,106.1868837,8,1.875,0.00015540619293678853,7.3,Zona Merah
Lumajang,Jawa Timur,19771.0,641835.0,-8.1237818,113.1436747,14,1.1428571428571428,0.0007081078347073997,3.08,Zona Merah
Madiun,Jawa Timur,14710.0,456531.0,-7.6118876,111.6731926,3,1.0,0.00020394289598912304,3.22,Zona Merah
Magelang,Jawa Tengah,29448.0,835589.0,-7.5136144,110.2145133,19,1.2105263157894737,0.0006452051073077968,3.52,Zona Merah
Magetan,Jawa Timur,13553.0,415305.0,-7.6542489,111.3360565,24,1.1666666666666667,0.0017708256474581274,3.26,Zona Merah
Majalengka,Jawa Barat,28157.0,777708.0,-6.8073627,108.278786,46,1.3043478260869565,0.0016336967716731187,3.62,Zona Merah
Malang,Jawa Timur,80786.0,1614304.0,-8.1047981,112.6879872,38,1.3157894736842106,0.0004703785309335776,5.0,Zona Merah
Mojokerto,Jawa Timur,23634.0,677257.0,-7.5413377,112.5094975,12,1.5,0.0005077430820005078,3.49,Zona Merah
Nganjuk,Jawa Timur,25489.0,663438.0,-7.6150161,111.9465075,48,1.2708333333333333,0.0018831652869865433,3.84,Zona Merah
Ngawi,Jawa Timur,12085.0,535919.0,-7.374599,111.0070499,31,1.2903225806451613,0.0025651634257343814,2.26,Lautan Peluang
Pacitan,Jawa Timur,5490.0,392394.0,-8.1017184,111.1446711,11,1.1818181818181819,0.0020036429872495446,1.4,Lautan Peluang
Pamekasan,Jawa Timur,7336.0,550693.0,-7.0708133,113.5003939,22,1.1363636363636365,0.0029989094874591058,1.33,Lautan Peluang
Pandeglang,Banten,54971.0,624625.0,-6.5473765,105.7994879,15,1.2666666666666666,0.0002728711502428553,8.8,Zona Merah
Pangandaran,Jawa Barat,5262.0,274841.0,-7.6407968,108.5567288,13,1.4615384615384615,0.0024705435195743063,1.91,Lautan Peluang
Pasuruan,Jawa Timur,41410.0,981059.0,-7.7508114,112.818483,31,1.3548387096774193,0.0007486114465105047,4.22,Zona Merah
Pati,Jawa Tengah,31545.0,850572.0,-6.7534144,111.0399982,59,1.271186440677966,0.0018703439530828975,3.71,Zona Merah
Pekalongan,Jawa Tengah,19724.0,609671.0,-7.0418471,109.6198875,57,1.3157894736842106,0.002889880348813628,3.24,Lautan Peluang
Pemalang,Jawa Tengah,57356.0,867489.0,-7.0110802,109.3914037,36,1.2777777777777777,0.0006276588325545714,6.61,Zona Merah
Ponorogo,Jawa Timur,24274.0,629741.0,-7.9712266,111.4988929,29,1.3103448275862069,0.0011946939111806873,3.85,Zona Merah
Probolinggo,Jawa Timur,20934.0,717180.0,-7.86316,113.3051053,27,1.3333333333333333,0.0012897678417884782,2.92,Zona Merah
Purbalingga,Jawa Tengah,29581.0,612818.0,-7.32733,109.3998987,4,1.0,0.0001352219329975322,4.83,Zona Merah
Purwakarta,Jawa Barat,40269.0,533867.0,-6.5913665,107.4019784,94,1.3936170212765957,0.00233430182025876,7.54,Lautan Peluang
Purworejo,Jawa Tengah,17896.0,480466.0,-7.7073021,109.9665117,16,1.125,0.000894054537326777,3.72,Zona Merah
Rembang,Jawa Tengah,11688.0,403612.0,-6.7698635,111.4556709,31,1.1935483870967742,0.0026522929500342233,2.9,Lautan Peluang
Sampang,Jawa Timur,14744.0,603440.0,-7.0578157,113.2540541,6,1.3333333333333333,0.00040694519804666303,2.44,Zona Merah
Semarang,Jawa Tengah,25070.0,691542.0,-7.2876561,110.4019427,80,1.475,0.0031910650179497405,3.63,Lautan Peluang
Serang,Banten,76327.0,873816.0,-6.1057256,105.9884196,225,1.3822222222222222,0.002947842834121608,8.73,Lautan Peluang
Sidoarjo,Jawa Timur,69549.0,1209700.0,-7.4539769,112.6593869,517,1.3462282398452612,0.007433607959855641,5.75,Lautan Peluang
Situbondo,Jawa Timur,13488.0,447205.0,-7.7986089,114.264743,24,1.2083333333333333,0.0017793594306049821,3.02,Zona Merah
Sleman,DI Yogyakarta,28117.0,690157.0,-7.6894175,110.3812904,470,1.2361702127659575,0.016715865846285167,4.07,Lautan Peluang
Sragen,Jawa Tengah,21089.0,603758.0,-7.3924563,110.9530232,51,1.411764705882353,0.0024183223481435818,3.49,Lautan Peluang
Subang,Jawa Barat,61959.0,910531.0,-6.4983887,107.7346278,106,1.4339622641509433,0.001710808760632031,6.8,Zona Merah
Sukabumi,Jawa Barat,110512.0,1529554.0,-7.0764508,106.7346608,12,1.75,0.00010858549297813812,7.23,Zona Merah
Sukoharjo,Jawa Tengah,22931.0,530316.0,-7.6814994,110.8700287,144,1.3680555555555556,0.006279708691291265,4.32,Lautan Peluang
Sumedang,Jawa Barat,37441.0,616120.0,-6.8098713,107.9817732,43,1.2325581395348837,0.0011484735984615795,6.08,Zona Merah
Sumenep,Jawa Timur,12301.0,748058.0,-6.9991798,113.8376708,0,1.0,0.0,1.64,Zona Merah
Tangerang,Banten,102715.0,1728942.0,-6.1644013,106.4679311,777,1.3835263835263836,0.007564620552012851,5.94,Lautan Peluang
Tasikmalaya,Jawa Barat,38384.0,1041495.0,-7.4271707,108.0684231,4,1.0,0.00010421008753647353,3.69,Zona Merah
Tegal,Jawa Tengah,71020.0,933146.0,-7.0564433,109.1315766,28,1.1071428571428572,0.00039425513939735286,7.61,Zona Merah
Temanggung,Jawa Tengah,11684.0,505419.0,-7.2397576,110.1216648,22,1.1363636363636365,0.0018829168093118796,2.31,Zona Merah
Trenggalek,Jawa Timur,18153.0,470751.0,-8.1359347,111.6401983,22,1.3636363636363635,0.0012119208946179696,3.86,Zona Merah
Tuban,Jawa Timur,24854.0,722859.0,-6.9596385,111.8932266,33,1.3636363636363635,0.0013277540838496822,3.44,Zona Merah
Tulungagung,Jawa Timur,27202.0,675313.0,-8.0729035,111.8996408,38,1.2894736842105263,0.0013969561061686641,4.03,Zona Merah
Wonogiri,Jawa Tengah,14802.0,685334.0,-7.9620507,110.9575733,18,1.3333333333333333,0.0012160518848804217,2.16,Zona Merah
Wonosobo,Jawa Tengah,21903.0,548804.0,-7.3997999,109.9209645,19,1.105263157894737,0.0008674610783910879,3.99,Zona Merah
