Kabupaten/Kota,Angkatan Kerja - Bekerja,Angkatan Kerja Pengangguran - Pernah Bekerja,Angkatan Kerja Pengangguran - Tidak Pernah Bekerja,Angkatan Kerja Pengangguran - Jumlah,Angkatan Kerja - Jumlah Angkatan Kerja,Angkatan Kerja - Persentase Bekerja terhadap Angkatan Kerja,Bukan Angkatan Kerja - Sekolah,Bukan Angkatan Kerja - Mengurus Rumah Tangga,Bukan Angkatan Kerja - Lainnya,Bukan Angkatan Kerja - Jumlah Bukan Angkatan Kerja,Angkatan Kerja + Bukan Angkatan Kerja (Jumlah ),Persentase Angkatan Kerja terhadap Penduduk Usia Kerja,Provinsi
Pandeglang,569654.0,27337.0,27634.0,54971.0,624625.0,9120.0,74802.0,253116.0,54547.0,382465.0,1007090.0,6202.0,Banten
Lebak,653896.0,24054.0,27424.0,51478.0,705374.0,9270.0,68552.0,245340.0,77274.0,391166.0,1096540.0,6433.0,Banten
Tangerang,1626227.0,35343.0,67372.0,102715.0,1728942.0,9406.0,174922.0,596479.0,108889.0,880290.0,2609232.0,6626.0,Banten
Serang,797489.0,30464.0,45863.0,76327.0,873816.0,9127.0,93925.0,264374.0,62727.0,421026.0,1294842.0,6748.0,Banten
Kota Tangerang,920455.0,26756.0,30765.0,57521.0,977976.0,9412.0,115402.0,327800.0,100320.0,543522.0,1521498.0,6428.0,Banten
Kota Cilegon,193328.0,9490.0,5989.0,15479.0,208807.0,9259.0,31551.0,79814.0,20624.0,131989.0,340796.0,6127.0,Banten
Kota Serang,348280.0,15654.0,10354.0,26008.0,374288.0,9305.0,43394.0,106328.0,29561.0,179283.0,553571.0,6761.0,Banten
Kota Tangerang Selatan,646597.0,6358.0,21499.0,27857.0,674454.0,9587.0,114148.0,255989.0,71664.0,441801.0,1116255.0,6042.0,Banten
Banten,5755926.0,175456.0,236900.0,412356.0,6168282.0,9331.0,716696.0,2129240.0,525606.0,3371542.0,9539824.0,6466.0,Banten
Kulon Progo,276692.0,3538.0,2515.0,6053.0,282745.0,9786.0,24553.0,41914.0,11161.0,77628.0,360373.0,7846.0,DI Yogyakarta
Bantul,592403.0,11493.0,10418.0,21911.0,614314.0,9643.0,62003.0,116697.0,27792.0,206492.0,820806.0,7484.0,DI Yogyakarta
Gunung Kidul,463248.0,7321.0,2868.0,10189.0,473437.0,9785.0,34596.0,81782.0,25077.0,141455.0,614892.0,7700.0,DI Yogyakarta
Sleman,662040.0,20098.0,8019.0,28117.0,690157.0,9593.0,83389.0,147490.0,24880.0,255759.0,945916.0,7296.0,DI Yogyakarta
Kota Yogyakarta,205688.0,7901.0,4572.0,12473.0,218161.0,9428.0,26482.0,52245.0,10251.0,88978.0,307139.0,7103.0,DI Yogyakarta
DI Yogyakarta,2200071.0,50351.0,28392.0,78743.0,2278814.0,9654.0,231023.0,440128.0,99161.0,770312.0,3049126.0,7474.0,DI Yogyakarta
Kepulauan Seribu,14214.0,222.0,965000.0,1187.0,15401.0,9229.0,1561.0,3545.0,890000.0,5996.0,21397.0,7198.0,DKI Jakarta
Kota Jakarta Selatan,1089825.0,33827.0,24651.0,58478.0,1148303.0,9491.0,192242.0,364072.0,73151.0,629465.0,1777768.0,6459.0,DKI Jakarta
Kota Jakarta Timur,1446879.0,50990.0,54168.0,105158.0,1552037.0,9322.0,234315.0,558079.0,80567.0,872961.0,2424998.0,6400.0,DKI Jakarta
Kota Jakarta Pusat,513631.0,18346.0,14937.0,33283.0,546914.0,9391.0,75350.0,175650.0,39935.0,290935.0,837849.0,6528.0,DKI Jakarta
Kota Jakarta Barat,1169339.0,44543.0,30367.0,74910.0,1244249.0,9398.0,182199.0,422417.0,104144.0,708760.0,1953009.0,6371.0,DKI Jakarta
Kota Jakarta Utara,894576.0,33741.0,23578.0,57319.0,951895.0,9398.0,100175.0,312742.0,50790.0,463707.0,1415602.0,6724.0,DKI Jakarta
DKI Jakarta,5128464.0,181669.0,148666.0,330335.0,5458799.0,9395.0,785842.0,1836505.0,349477.0,2971824.0,8430623.0,6475.0,DKI Jakarta
Bogor,2620918.0,94339.0,124092.0,218431.0,2839349.0,9231.0,237452.0,1073001.0,240656.0,1551109.0,4390458.0,6467.0,Jawa Barat
Sukabumi,1419042.0,44459.0,66053.0,110512.0,1529554.0,9277.0,120525.0,454844.0,88383.0,663752.0,2193306.0,6974.0,Jawa Barat
Cianjur,1277106.0,41420.0,42616.0,84036.0,1361142.0,9383.0,109369.0,412371.0,93207.0,614947.0,1976089.0,6888.0,Jawa Barat
Bandung,1801575.0,49347.0,79510.0,128857.0,1930432.0,9332.0,210900.0,571570.0,168451.0,950921.0,2881353.0,6700.0,Jawa Barat
Garut,1305762.0,57055.0,34380.0,91435.0,1397197.0,9346.0,149510.0,395136.0,104267.0,648913.0,2046110.0,6829.0,Jawa Barat
Tasikmalaya,1003111.0,22508.0,15876.0,38384.0,1041495.0,9631.0,106586.0,276203.0,80213.0,463002.0,1504497.0,6923.0,Jawa Barat
Ciamis,639021.0,11205.0,15958.0,27163.0,666184.0,9592.0,66327.0,225938.0,48602.0,340867.0,1007051.0,6615.0,Jawa Barat
Kuningan,608780.0,30958.0,19061.0,50019.0,658799.0,9241.0,63182.0,196868.0,31277.0,291327.0,950126.0,6934.0,Jawa Barat
Cirebon,1196672.0,58579.0,23552.0,82131.0,1278803.0,9358.0,120305.0,385337.0,61534.0,567176.0,1845979.0,6928.0,Jawa Barat
Majalengka,749551.0,12049.0,16108.0,28157.0,777708.0,9638.0,74465.0,187601.0,32132.0,294198.0,1071906.0,7255.0,Jawa Barat
Sumedang,578679.0,22526.0,14915.0,37441.0,616120.0,9392.0,69554.0,217912.0,38899.0,326365.0,942485.0,6537.0,Jawa Barat
Indramayu,919271.0,24777.0,38846.0,63623.0,982894.0,9353.0,83007.0,378089.0,66624.0,527720.0,1510614.0,6507.0,Jawa Barat
Subang,848572.0,15016.0,46943.0,61959.0,910531.0,9320.0,70721.0,290597.0,49477.0,410795.0,1321326.0,6891.0,Jawa Barat
Purwakarta,493598.0,20320.0,19949.0,40269.0,533867.0,9246.0,52759.0,189217.0,30020.0,271996.0,805863.0,6625.0,Jawa Barat
Karawang,1193026.0,40448.0,63153.0,103601.0,1296627.0,9201.0,102406.0,491408.0,100255.0,694069.0,1990696.0,6513.0,Jawa Barat
Bekasi,1485854.0,52066.0,90940.0,143006.0,1628860.0,9122.0,199937.0,628252.0,75005.0,903194.0,2532054.0,6433.0,Jawa Barat
Bandung Barat,961864.0,33045.0,34882.0,67927.0,1029791.0,9340.0,102260.0,290512.0,36762.0,429534.0,1459325.0,7057.0,Jawa Barat
Pangandaran,269579.0,3104.0,0.0,5262.0,274841.0,9809.0,18532.0,44226.0,9748.0,72506.0,347347.0,7913.0,Jawa Barat
Kota Bogor,507501.0,31480.0,12377.0,43857.0,551358.0,9205.0,68350.0,191660.0,34478.0,294488.0,845846.0,6518.0,Jawa Barat
Kota Sukabumi,170905.0,7974.0,7267.0,15241.0,186146.0,9181.0,19019.0,61090.0,16948.0,97057.0,283203.0,6573.0,Jawa Barat
Kota Bandung,1275730.0,54401.0,44905.0,99306.0,1375036.0,9278.0,158490.0,416168.0,68483.0,643141.0,2018177.0,6813.0,Jawa Barat
Kota Cirebon,174003.0,7764.0,4155.0,11919.0,185922.0,9359.0,19723.0,52883.0,10857.0,83463.0,269385.0,6902.0,Jawa Barat
Kota Bekasi,1251362.0,36651.0,62312.0,98963.0,1350325.0,9267.0,184777.0,433265.0,138229.0,756271.0,2106596.0,6410.0,Jawa Barat
Kota Depok,993732.0,28130.0,41159.0,69289.0,1063021.0,9348.0,159643.0,422991.0,68837.0,651471.0,1714492.0,6200.0,Jawa Barat
Kota Cimahi,291297.0,15583.0,12359.0,27942.0,319239.0,9125.0,40284.0,106459.0,10053.0,156796.0,476035.0,6706.0,Jawa Barat
Kota Tasikmalaya,360981.0,8326.0,16493.0,24819.0,385800.0,9357.0,47462.0,113909.0,34669.0,196040.0,581840.0,6631.0,Jawa Barat
Kota Banjar,109360.0,3533.0,2540.0,6073.0,115433.0,9474.0,11150.0,34031.0,4612.0,49793.0,165226.0,6986.0,Jawa Barat
Jawa Barat,24506852.0,827063.0,952559.0,1779622.0,26286474.0,9323.0,2666695.0,8541538.0,1742678.0,12950911.0,39237385.0,6699.0,Jawa Barat
Cilacap,991957.0,47169.0,32144.0,79313.0,1071270.0,9260.0,123313.0,342646.0,69502.0,535461.0,1606731.0,6667.0,Jawa Tengah
Banyumas,959995.0,44862.0,19211.0,64073.0,1024068.0,9374.0,109179.0,253560.0,78794.0,441533.0,1465601.0,6987.0,Jawa Tengah
Purbalingga,583237.0,17854.0,0.0,29581.0,612818.0,9517.0,36942.0,126576.0,36990.0,200508.0,813326.0,7535.0,Jawa Tengah
Banjarnegara,582693.0,17708.0,15476.0,33184.0,615877.0,9461.0,50737.0,130398.0,36174.0,217309.0,833186.0,7392.0,Jawa Tengah
Kebumen,811249.0,25726.0,16560.0,42286.0,853535.0,9505.0,72090.0,163088.0,31855.0,267033.0,1120568.0,7617.0,Jawa Tengah
Purworejo,462570.0,7831.0,10065.0,17896.0,480466.0,9628.0,42556.0,99712.0,18044.0,160312.0,640778.0,7498.0,Jawa Tengah
Wonosobo,526901.0,11067.0,10836.0,21903.0,548804.0,9601.0,40373.0,104138.0,31273.0,175784.0,724588.0,7574.0,Jawa Tengah
Magelang,806141.0,19374.0,10074.0,29448.0,835589.0,9648.0,73236.0,124710.0,36032.0,233978.0,1069567.0,7812.0,Jawa Tengah
Boyolali,651325.0,9447.0,10477.0,19924.0,671249.0,9703.0,55466.0,121595.0,21719.0,198780.0,870029.0,7715.0,Jawa Tengah
Klaten,759270.0,23032.0,7592.0,30624.0,789894.0,9612.0,82381.0,141883.0,30083.0,254347.0,1044241.0,7564.0,Jawa Tengah
Sukoharjo,507385.0,14656.0,8275.0,22931.0,530316.0,9568.0,65426.0,133280.0,28546.0,227252.0,757568.0,7000.0,Jawa Tengah
Wonogiri,670532.0,9022.0,5780.0,14802.0,685334.0,9784.0,46295.0,107523.0,32102.0,185920.0,871254.0,7866.0,Jawa Tengah
Karanganyar,554741.0,10735.0,7973.0,18708.0,573449.0,9674.0,56909.0,109344.0,26818.0,193071.0,766520.0,7481.0,Jawa Tengah
Sragen,582669.0,13666.0,7423.0,21089.0,603758.0,9651.0,55694.0,115883.0,30874.0,202451.0,806209.0,7489.0,Jawa Tengah
Grobogan,890205.0,17790.0,10840.0,28630.0,918835.0,9688.0,67482.0,151380.0,46626.0,265488.0,1184323.0,7758.0,Jawa Tengah
Blora,553710.0,15695.0,5019.0,20714.0,574424.0,9639.0,43268.0,105287.0,16958.0,165513.0,739937.0,7763.0,Jawa Tengah
Rembang,391924.0,6437.0,5251.0,11688.0,403612.0,9710.0,29237.0,73643.0,24806.0,127686.0,531298.0,7597.0,Jawa Tengah
Pati,819027.0,20911.0,10634.0,31545.0,850572.0,9629.0,54353.0,152570.0,45937.0,252860.0,1103432.0,7708.0,Jawa Tengah
Kudus,508814.0,11805.0,5195.0,17.0,525814.0,9677.0,44768.0,103458.0,20419.0,168645.0,694459.0,7572.0,Jawa Tengah
Jepara,688024.0,13743.0,9752.0,23495.0,711519.0,9670.0,70286.0,146282.0,40059.0,256627.0,968146.0,7349.0,Jawa Tengah
Demak,677741.0,21692.0,10808.0,32500.0,710241.0,9542.0,53883.0,168030.0,40229.0,262142.0,972383.0,7304.0,Jawa Tengah
Semarang,666472.0,18696.0,6374.0,25070.0,691542.0,9637.0,57592.0,99516.0,17370.0,174478.0,866020.0,7985.0,Jawa Tengah
Temanggung,493735.0,5976.0,5708.0,11684.0,505419.0,9769.0,42727.0,81653.0,20069.0,144449.0,649868.0,7777.0,Jawa Tengah
Kendal,617731.0,20063.0,9738.0,29801.0,647532.0,9540.0,49488.0,121013.0,28941.0,199442.0,846974.0,7645.0,Jawa Tengah
Batang,482846.0,18990.0,6806.0,25796.0,508642.0,9493.0,33017.0,98757.0,13319.0,145093.0,653735.0,7781.0,Jawa Tengah
Pekalongan,589947.0,11526.0,8198.0,19724.0,609671.0,9676.0,51194.0,103446.0,24682.0,179322.0,788993.0,7727.0,Jawa Tengah
Pemalang,810133.0,35719.0,21637.0,57356.0,867489.0,9339.0,58635.0,222603.0,56687.0,337925.0,1205414.0,7197.0,Jawa Tengah
Tegal,862126.0,41888.0,29132.0,71020.0,933146.0,9239.0,69953.0,220983.0,71800.0,362736.0,1295882.0,7201.0,Jawa Tengah
Brebes,1065808.0,64600.0,28981.0,93581.0,1159389.0,9193.0,82485.0,324230.0,46343.0,453058.0,1612447.0,7190.0,Jawa Tengah
Kota Magelang,65126.0,1079.0,1851.0,2930.0,68056.0,9569.0,8087.0,21298.0,3103.0,32488.0,100544.0,6769.0,Jawa Tengah
Kota Surakarta,288008.0,7815.0,5771.0,13586.0,301594.0,9550.0,35826.0,74635.0,14638.0,125099.0,426693.0,7068.0,Jawa Tengah
Kota Salatiga,110313.0,2490.0,1713.0,4203.0,114516.0,9633.0,12781.0,26662.0,7492.0,46935.0,161451.0,7093.0,Jawa Tengah
Kota Semarang,938766.0,34491.0,21737.0,56228.0,994994.0,9435.0,117861.0,201177.0,56508.0,375546.0,1370540.0,7260.0,Jawa Tengah
Kota Pekalongan,179677.0,4927.0,4197.0,9124.0,188801.0,9517.0,14464.0,38826.0,8501.0,61791.0,250592.0,7534.0,Jawa Tengah
Kota Tegal,144999.0,6675.0,2289.0,8964.0,153963.0,9418.0,16292.0,45353.0,8182.0,69827.0,223790.0,6880.0,Jawa Tengah
Jawa Tengah,21295797.0,655157.0,385244.0,1040401.0,22336198.0,9534.0,1924276.0,4655138.0,1121475.0,7700889.0,30037087.0,7436.0,Jawa Tengah
Pacitan,386904.0,2045.0,3445.0,5490.0,392394.0,9860.0,25111.0,48674.0,19307.0,93092.0,485486.0,8082.0,Jawa Timur
Ponorogo,605467.0,14264.0,10010.0,24274.0,629741.0,9615.0,41991.0,87363.0,28993.0,158347.0,788088.0,7991.0,Jawa Timur
Trenggalek,452598.0,8530.0,9623.0,18153.0,470751.0,9614.0,30290.0,80776.0,24293.0,135359.0,606110.0,7767.0,Jawa Timur
Tulungagung,648111.0,15184.0,12018.0,27202.0,675313.0,9597.0,54454.0,132329.0,41680.0,228463.0,903776.0,7472.0,Jawa Timur
Blitar,738733.0,26160.0,8541.0,34701.0,773434.0,9551.0,61678.0,151393.0,33557.0,246628.0,1020062.0,7582.0,Jawa Timur
Kediri,894602.0,23634.0,20553.0,44187.0,938789.0,9529.0,94433.0,255649.0,59086.0,409168.0,1347957.0,6965.0,Jawa Timur
Malang,1533518.0,44854.0,35932.0,80786.0,1614304.0,9500.0,128481.0,381424.0,61519.0,571424.0,2185728.0,7386.0,Jawa Timur
Lumajang,622064.0,5996.0,13775.0,19771.0,641835.0,9692.0,53107.0,181168.0,45487.0,279762.0,921597.0,6964.0,Jawa Timur
Jember,1535617.0,31674.0,16979.0,48653.0,1584270.0,9693.0,141617.0,308402.0,56392.0,506411.0,2090681.0,7578.0,Jawa Timur
Banyuwangi,995971.0,24601.0,16232.0,40833.0,1036804.0,9606.0,94923.0,235250.0,39133.0,369306.0,1406110.0,7374.0,Jawa Timur
Bondowoso,479074.0,7540.0,5009.0,12549.0,491623.0,9745.0,38736.0,91399.0,14401.0,144536.0,636159.0,7728.0,Jawa Timur
Situbondo,433717.0,7053.0,6435.0,13488.0,447205.0,9698.0,27903.0,75941.0,18532.0,122376.0,569581.0,7851.0,Jawa Timur
Probolinggo,696246.0,18682.0,0.0,20934.0,717180.0,9708.0,52467.0,138708.0,26395.0,217570.0,934750.0,7672.0,Jawa Timur
Pasuruan,939649.0,21931.0,19479.0,41410.0,981059.0,9578.0,76897.0,195055.0,60.0,331952.0,1313011.0,7472.0,Jawa Timur
Sidoarjo,1140151.0,45369.0,24180.0,69549.0,1209700.0,9425.0,135017.0,347059.0,48085.0,530161.0,1739861.0,6953.0,Jawa Timur
Mojokerto,653623.0,15140.0,8494.0,23634.0,677257.0,9651.0,38342.0,173149.0,23456.0,234947.0,912204.0,7424.0,Jawa Timur
Jombang,757323.0,19475.0,6211.0,25686.0,783009.0,9672.0,64576.0,203378.0,27002.0,294956.0,1077965.0,7264.0,Jawa Timur
Nganjuk,637949.0,15554.0,9935.0,25489.0,663438.0,9616.0,60431.0,168319.0,14280.0,243030.0,906468.0,7319.0,Jawa Timur
Madiun,441821.0,13819.0,0.0,14710.0,456531.0,9678.0,36614.0,103116.0,20947.0,160677.0,617208.0,7397.0,Jawa Timur
Magetan,401752.0,9778.0,3775.0,13553.0,415305.0,9674.0,33037.0,90883.0,16756.0,140676.0,555981.0,7470.0,Jawa Timur
Ngawi,523834.0,9565.0,0.0,12085.0,535919.0,9774.0,44309.0,111732.0,26578.0,182619.0,718538.0,7458.0,Jawa Timur
Bojonegoro,810528.0,12814.0,20123.0,32937.0,843465.0,9610.0,58467.0,147596.0,23442.0,229505.0,1072970.0,7861.0,Jawa Timur
Tuban,698005.0,14121.0,10733.0,24854.0,722859.0,9656.0,53867.0,168621.0,46725.0,269213.0,992072.0,7286.0,Jawa Timur
Lamongan,797879.0,20665.0,15068.0,35733.0,833612.0,9571.0,69092.0,171146.0,41044.0,281282.0,1114894.0,7477.0,Jawa Timur
Gresik,695657.0,30971.0,9269.0,40240.0,735897.0,9453.0,83857.0,204755.0,57868.0,346480.0,1082377.0,6799.0,Jawa Timur
Bangkalan,568657.0,13162.0,18716.0,31878.0,600535.0,9469.0,62548.0,157386.0,50616.0,270550.0,871085.0,6894.0,Jawa Timur
Sampang,588696.0,11194.0,0.0,14744.0,603440.0,9756.0,40987.0,110040.0,24597.0,175624.0,779064.0,7746.0,Jawa Timur
Pamekasan,543357.0,0.0,2771.0,7336.0,550693.0,9867.0,46361.0,70289.0,22319.0,138969.0,689662.0,7985.0,Jawa Timur
Sumenep,735757.0,0.0,6168.0,12301.0,748058.0,9836.0,49678.0,101006.0,36385.0,187069.0,935127.0,8000.0,Jawa Timur
Kota Kediri,161496.0,5106.0,1210.0,6316.0,167812.0,9624.0,19588.0,39650.0,10495.0,69733.0,237545.0,7064.0,Jawa Timur
Kota Blitar,89912.0,3196.0,823.0,4019.0,93931.0,9572.0,7617.0,19204.0,2915.0,29736.0,123667.0,7595.0,Jawa Timur
Kota Malang,459084.0,21290.0,6420.0,27710.0,486794.0,9431.0,56658.0,120992.0,32460.0,210110.0,696904.0,6985.0,Jawa Timur
Kota Probolinggo,126445.0,3213.0,3342.0,6555.0,133.0,9507.0,14280.0,38891.0,8147.0,61318.0,194318.0,6844.0,Jawa Timur
Kota Pasuruan,122524.0,5.0,899.0,5899.0,128423.0,9541.0,10471.0,25633.0,5279.0,41383.0,169806.0,7563.0,Jawa Timur
Kota Mojokerto,72568.0,2107.0,1442.0,3549.0,76117.0,9534.0,8155.0,21882.0,2552.0,32589.0,108706.0,7002.0,Jawa Timur
Kota Madiun,112286.0,3643.0,1393.0,5036.0,117322.0,9571.0,11758.0,30445.0,5179.0,47382.0,164704.0,7123.0,Jawa Timur
Kota Surabaya,1561997.0,50046.0,29386.0,79432.0,1641429.0,9516.0,194340.0,431867.0,57635.0,683842.0,2325271.0,7059.0,Jawa Timur
Kota Batu,137462.0,3235.0,1789.0,5024.0,142486.0,9647.0,9714.0,19823.0,4904.0,34441.0,176927.0,8053.0,Jawa Timur
Jawa Timur,23801034.0,591309.0,369391.0,960700.0,24761734.0,9612.0,2131852.0,5440393.0,1138441.0,8710686.0,33472420.0,7398.0,Jawa Timur
